[{"id":"52c5a1407164e610","name":"dev-todo-list-app/dev","time_taken":1555.999994277954,"subsegments":[{"id":"3d165f951d5e5777","name":"Lambda","start_time":1681935065.396,"end_time":1681935066.948,"http":{"request":{"url":"https://lambda.us-east-1.amazonaws.com/2015-03-31/functions/arn:aws:lambda:us-east-1:263792328682:function:todo-list-app-dev-deleteTask/invocations","method":"DELETE"}},"aws":{"function_name":"todo-list-app-dev-deleteTask","region":"us-east-1","operation":"Invoke","resource_names":["todo-list-app-dev-deleteTask"]},"namespace":"aws"}],"children":[{"id":"52a73c3be901f5e1","name":"todo-list-app-dev-deleteTask","parent_id":"3d165f951d5e5777","time_taken":1523.9999294281006,"children":[{"id":"42c55a110fc51738","name":"todo-list-app-dev-deleteTask","parent_id":"52a73c3be901f5e1","time_taken":108.98804664611816,"subsegments":[{"id":"4595896ffbd056c6","name":"Overhead","start_time":1681935066.9468117,"end_time":1681935066.9471943,"aws":{"function_arn":"arn:aws:lambda:us-east-1:263792328682:function:todo-list-app-dev-deleteTask"}},{"id":"41bcbcb0e8098d58","name":"Initialization","start_time":1681935065.8709512,"end_time":1681935066.836363,"aws":{"function_arn":"arn:aws:lambda:us-east-1:263792328682:function:todo-list-app-dev-deleteTask"}},{"id":"730443d6986eac39","name":"Invocation","start_time":1681935066.8388786,"end_time":1681935066.9467273,"error":true,"aws":{"function_arn":"arn:aws:lambda:us-east-1:263792328682:function:todo-list-app-dev-deleteTask"},"subsegments":[{"id":"e80daf342f9d312e","name":"DynamoDB","start_time":1681935066.856,"end_time":1681935066.939,"http":{"response":{"status":200}},"aws":{"retries":0,"region":"us-east-1","operation":"GetItem","request_id":"5N0SO925L0MQL3TLDL5PFA8S1FVV4KQNSO5AEMVJF66Q9ASUAAJG","table_name":"todo-list-tasks","resource_names":["todo-list-tasks"]},"namespace":"aws"}]}],"children":[{"id":"06667def0045bc80","name":"DynamoDB","parent_id":"e80daf342f9d312e","time_taken":82.99994468688965,"children":[],"origin":"AWS::DynamoDB::Table","http":{"response":{"status":200}},"fullData":{"Document":{"id":"06667def0045bc80","name":"DynamoDB","start_time":1681935066.856,"trace_id":"1-64404ad9-6d57ad881ff49788478d7743","end_time":1681935066.939,"parent_id":"e80daf342f9d312e","inferred":true,"http":{"response":{"status":200}},"aws":{"retries":0,"region":"us-east-1","operation":"GetItem","request_id":"5N0SO925L0MQL3TLDL5PFA8S1FVV4KQNSO5AEMVJF66Q9ASUAAJG","table_name":"todo-list-tasks","resource_names":["todo-list-tasks"]},"origin":"AWS::DynamoDB::Table"},"Id":"06667def0045bc80"}}],"origin":"AWS::Lambda::Function","fullData":{"Document":{"id":"42c55a110fc51738","name":"todo-list-app-dev-deleteTask","start_time":1681935066.8385012,"trace_id":"1-64404ad9-6d57ad881ff49788478d7743","end_time":1681935066.9474893,"parent_id":"52a73c3be901f5e1","error":true,"aws":{"account_id":"263792328682","function_arn":"arn:aws:lambda:us-east-1:263792328682:function:todo-list-app-dev-deleteTask","resource_names":["todo-list-app-dev-deleteTask"]},"origin":"AWS::Lambda::Function","cause":{"working_directory":"/var/task","paths":["/var/task/src/taskController.js","internal/process/task_queues.js","/var/task/src/handler.js"],"exceptions":[{"message":"Error while checking task existence","type":"Error","stack":[{"path":"/var/task/src/taskController.js","line":63,"label":"Object.taskController.deleteTask"},{"path":"internal/process/task_queues.js","line":95,"label":"processTicksAndRejections"},{"path":"/var/task/src/handler.js","line":22,"label":"async Runtime.module.exports.deleteTask [as handler]"}]}]},"subsegments":[{"id":"4595896ffbd056c6","name":"Overhead","start_time":1681935066.9468117,"end_time":1681935066.9471943,"aws":{"function_arn":"arn:aws:lambda:us-east-1:263792328682:function:todo-list-app-dev-deleteTask"}},{"id":"41bcbcb0e8098d58","name":"Initialization","start_time":1681935065.8709512,"end_time":1681935066.836363,"aws":{"function_arn":"arn:aws:lambda:us-east-1:263792328682:function:todo-list-app-dev-deleteTask"}},{"id":"730443d6986eac39","name":"Invocation","start_time":1681935066.8388786,"end_time":1681935066.9467273,"error":true,"aws":{"function_arn":"arn:aws:lambda:us-east-1:263792328682:function:todo-list-app-dev-deleteTask"},"subsegments":[{"id":"e80daf342f9d312e","name":"DynamoDB","start_time":1681935066.856,"end_time":1681935066.939,"http":{"response":{"status":200}},"aws":{"retries":0,"region":"us-east-1","operation":"GetItem","request_id":"5N0SO925L0MQL3TLDL5PFA8S1FVV4KQNSO5AEMVJF66Q9ASUAAJG","table_name":"todo-list-tasks","resource_names":["todo-list-tasks"]},"namespace":"aws"}]}]},"Id":"42c55a110fc51738"}}],"origin":"AWS::Lambda","http":{"response":{"status":200}},"fullData":{"Document":{"id":"52a73c3be901f5e1","name":"todo-list-app-dev-deleteTask","start_time":1681935065.423,"trace_id":"1-64404ad9-6d57ad881ff49788478d7743","end_time":1681935066.947,"parent_id":"3d165f951d5e5777","error":true,"http":{"response":{"status":200}},"aws":{"request_id":"ef5ecf8b-9299-4534-b523-b1f63125fd6b"},"origin":"AWS::Lambda","resource_arn":"arn:aws:lambda:us-east-1:263792328682:function:todo-list-app-dev-deleteTask"},"Id":"52a73c3be901f5e1"}}],"origin":"AWS::ApiGateway::Stage","http":{"request":{"url":"https://cm8rpw34l8.execute-api.us-east-1.amazonaws.com/dev/delete-task","method":"DELETE","user_agent":"PostmanRuntime/7.31.3","client_ip":"172.56.161.54","x_forwarded_for":true},"response":{"status":502,"content_length":0}},"fullData":{"Document":{"id":"52c5a1407164e610","name":"dev-todo-list-app/dev","start_time":1681935065.393,"trace_id":"1-64404ad9-6d57ad881ff49788478d7743","end_time":1681935066.949,"fault":true,"error":false,"throttle":false,"http":{"request":{"url":"https://cm8rpw34l8.execute-api.us-east-1.amazonaws.com/dev/delete-task","method":"DELETE","user_agent":"PostmanRuntime/7.31.3","client_ip":"172.56.161.54","x_forwarded_for":true},"response":{"status":502,"content_length":0}},"aws":{"api_gateway":{"account_id":"263792328682","rest_api_id":"cm8rpw34l8","stage":"dev","request_id":"1add81cf-251a-4ca3-b7e2-07ec2baa41ea"}},"annotations":{"aws:api_id":"cm8rpw34l8","aws:api_stage":"dev"},"metadata":{"default":{"extended_request_id":"DpCiAEbaoAMFmKw=","request_id":"1add81cf-251a-4ca3-b7e2-07ec2baa41ea"}},"origin":"AWS::ApiGateway::Stage","resource_arn":"arn:aws:apigateway:us-east-1::/restapis/cm8rpw34l8/stages/dev","subsegments":[{"id":"3d165f951d5e5777","name":"Lambda","start_time":1681935065.396,"end_time":1681935066.948,"http":{"request":{"url":"https://lambda.us-east-1.amazonaws.com/2015-03-31/functions/arn:aws:lambda:us-east-1:263792328682:function:todo-list-app-dev-deleteTask/invocations","method":"DELETE"}},"aws":{"function_name":"todo-list-app-dev-deleteTask","region":"us-east-1","operation":"Invoke","resource_names":["todo-list-app-dev-deleteTask"]},"namespace":"aws"}]},"Id":"52c5a1407164e610"},"cold_start":true,"logs":[{"eventId":"37508405366027811214982002581019491958743208845931511811","ingestionTime":1681935070918,"logStreamName":"2023/04/19/[$LATEST]d46eb8a5d88c4b229ab5c3c8326666fd","message":"START RequestId: ef5ecf8b-9299-4534-b523-b1f63125fd6b Version: $LATEST\n","timestamp":1681935066838},{"eventId":"37508405368413990951224779257163813813916583527071416324","ingestionTime":1681935070918,"logStreamName":"2023/04/19/[$LATEST]d46eb8a5d88c4b229ab5c3c8326666fd","message":"2023-04-19T20:11:06.945Z\tef5ecf8b-9299-4534-b523-b1f63125fd6b\tERROR\tInvoke Error \t{\"errorType\":\"Error\",\"errorMessage\":\"Error while checking task existence\",\"stack\":[\"Error: Error while checking task existence\",\"    at Object.taskController.deleteTask (/var/task/src/taskController.js:63:11)\",\"    at processTicksAndRejections (internal/process/task_queues.js:95:5)\",\"    at async Runtime.module.exports.deleteTask [as handler] (/var/task/src/handler.js:22:3)\"]}\n","timestamp":1681935066945},{"eventId":"37508405368458592441621840503446885250461880250083377157","ingestionTime":1681935070918,"logStreamName":"2023/04/19/[$LATEST]d46eb8a5d88c4b229ab5c3c8326666fd","message":"END RequestId: ef5ecf8b-9299-4534-b523-b1f63125fd6b\n","timestamp":1681935066947},{"eventId":"37508405368458592441621840503446885250461880250083377158","ingestionTime":1681935070918,"logStreamName":"2023/04/19/[$LATEST]d46eb8a5d88c4b229ab5c3c8326666fd","message":"REPORT RequestId: ef5ecf8b-9299-4534-b523-b1f63125fd6b\tDuration: 109.20 ms\tBilled Duration: 110 ms\tMemory Size: 1024 MB\tMax Memory Used: 102 MB\tInit Duration: 965.84 ms\t\nXRAY TraceId: 1-64404ad9-6d57ad881ff49788478d7743\tSegmentId: 42c55a110fc51738\tSampled: true\t\n","timestamp":1681935066947}]},{"id":"1f0bec4b7fb90cc2","name":"dev-todo-list-app/dev","time_taken":3289.9999618530273,"subsegments":[{"id":"44c5823f71d5e7d5","name":"Lambda","start_time":1681935060.603,"end_time":1681935063.891,"http":{"request":{"url":"https://lambda.us-east-1.amazonaws.com/2015-03-31/functions/arn:aws:lambda:us-east-1:263792328682:function:todo-list-app-dev-postTask/invocations","method":"POST"},"response":{"status":201,"content_length":2}},"aws":{"function_name":"todo-list-app-dev-postTask","region":"us-east-1","operation":"Invoke","resource_names":["todo-list-app-dev-postTask"]},"namespace":"aws"}],"children":[{"id":"27f8a658e75effa8","name":"todo-list-app-dev-postTask","parent_id":"44c5823f71d5e7d5","time_taken":3253.999948501587,"children":[{"id":"31cd7b89660873fd","name":"todo-list-app-dev-postTask","parent_id":"27f8a658e75effa8","time_taken":1920.4912185668945,"subsegments":[{"id":"c8894d95314d853e","name":"Initialization","start_time":1681935061.1361778,"end_time":1681935061.966683,"aws":{"function_arn":"arn:aws:lambda:us-east-1:263792328682:function:todo-list-app-dev-postTask"}},{"id":"fc719b862864178e","name":"Overhead","start_time":1681935063.889133,"end_time":1681935063.8895288,"aws":{"function_arn":"arn:aws:lambda:us-east-1:263792328682:function:todo-list-app-dev-postTask"}},{"id":"a73ac0d19515499c","name":"Invocation","start_time":1681935061.9694362,"end_time":1681935063.8890877,"aws":{"function_arn":"arn:aws:lambda:us-east-1:263792328682:function:todo-list-app-dev-postTask"},"subsegments":[{"id":"261ebf4a7724eccf","name":"Lambda","start_time":1681935062.151,"end_time":1681935063.887,"http":{"response":{"status":200}},"aws":{"retries":0,"status_code":200,"function_name":"todo-list-app-dev-sendNotification","region":"us-east-1","operation":"Invoke","request_id":"103426eb-7689-467f-a30b-84f305422aab","resource_names":["todo-list-app-dev-sendNotification"]},"namespace":"aws"},{"id":"31064f9d6fa52bfd","name":"DynamoDB","start_time":1681935061.973,"end_time":1681935062.111,"http":{"response":{"status":200}},"aws":{"retries":0,"region":"us-east-1","operation":"PutItem","request_id":"FLBDI2VSLF1PDJ6OSSIV8PURH7VV4KQNSO5AEMVJF66Q9ASUAAJG","table_name":"todo-list-tasks","resource_names":["todo-list-tasks"]},"namespace":"aws"}]}],"children":[{"id":"435f5ac626c10655","name":"todo-list-app-dev-sendNotification","parent_id":"261ebf4a7724eccf","time_taken":1622.999906539917,"children":[{"id":"5b9975645bcaddd2","name":"todo-list-app-dev-sendNotification","parent_id":"435f5ac626c10655","time_taken":214.15376663208008,"subsegments":[{"id":"8dc76a9b28711ebd","name":"Overhead","start_time":1681935063.8816533,"end_time":1681935063.8820937,"aws":{"function_arn":"arn:aws:lambda:us-east-1:263792328682:function:todo-list-app-dev-sendNotification"}},{"id":"40c0e2b41e886ec5","name":"Initialization","start_time":1681935062.819072,"end_time":1681935063.6663818,"aws":{"function_arn":"arn:aws:lambda:us-east-1:263792328682:function:todo-list-app-dev-sendNotification"}},{"id":"70c696ec3768b80a","name":"Invocation","start_time":1681935063.6685655,"end_time":1681935063.8816164,"aws":{"function_arn":"arn:aws:lambda:us-east-1:263792328682:function:todo-list-app-dev-sendNotification"},"subsegments":[{"id":"58293a6b4d3372bb","name":"SES","start_time":1681935063.676,"end_time":1681935063.865,"fault":true,"error":true,"http":{"response":{"status":400}},"aws":{"retries":0,"region":"us-east-1","operation":"SendEmail","request_id":"f55e224d-f809-42c1-aa2c-1a410abdf185"},"namespace":"aws","cause":{"working_directory":"/var/task","exceptions":[{"id":"e938fefc91105dd3","message":"Email address is not verified. The following identities failed the check in region US-EAST-1: karpuxa@gmail.com","type":"MessageRejected","remote":true,"stack":[{"path":"/var/task/node_modules/aws-xray-sdk-core/dist/lib/patchers/aws_p.js","line":64,"label":"features.constructor.captureAWSRequest [as customRequestHandler]"},{"path":"/var/task/node_modules/aws-sdk/lib/service.js","line":298,"label":"features.constructor.addAllRequestListeners"},{"path":"/var/task/node_modules/aws-sdk/lib/service.js","line":222,"label":"features.constructor.makeRequest"},{"path":"/var/task/node_modules/aws-sdk/lib/service.js","line":706,"label":"features.constructor.svc.<computed> [as sendEmail]"},{"path":"/var/task/src/handler.js","line":63,"label":"Runtime.module.exports.sendNotification [as handler]"},{"path":"/var/runtime/Runtime.js","line":74,"label":"Runtime.handleOnceNonStreaming"}]}]}}]}],"children":[{"id":"1ee96ebb22b331db","name":"SES","parent_id":"58293a6b4d3372bb","time_taken":188.99989128112793,"children":[],"origin":"AWS::SES","http":{"response":{"status":400}},"fullData":{"Document":{"id":"1ee96ebb22b331db","name":"SES","start_time":1681935063.676,"trace_id":"1-64404ad4-0372b96637c899165e908034","end_time":1681935063.865,"parent_id":"58293a6b4d3372bb","inferred":true,"error":true,"http":{"response":{"status":400}},"aws":{"retries":0,"region":"us-east-1","operation":"SendEmail","request_id":"f55e224d-f809-42c1-aa2c-1a410abdf185"},"origin":"AWS::SES","cause":{"message":"Email address is not verified. The following identities failed the check in region US-EAST-1: karpuxa@gmail.com"}},"Id":"1ee96ebb22b331db"}}],"origin":"AWS::Lambda::Function","fullData":{"Document":{"id":"5b9975645bcaddd2","name":"todo-list-app-dev-sendNotification","start_time":1681935063.668181,"trace_id":"1-64404ad4-0372b96637c899165e908034","end_time":1681935063.8823347,"parent_id":"435f5ac626c10655","aws":{"account_id":"263792328682","function_arn":"arn:aws:lambda:us-east-1:263792328682:function:todo-list-app-dev-sendNotification","resource_names":["todo-list-app-dev-sendNotification"]},"origin":"AWS::Lambda::Function","subsegments":[{"id":"8dc76a9b28711ebd","name":"Overhead","start_time":1681935063.8816533,"end_time":1681935063.8820937,"aws":{"function_arn":"arn:aws:lambda:us-east-1:263792328682:function:todo-list-app-dev-sendNotification"}},{"id":"40c0e2b41e886ec5","name":"Initialization","start_time":1681935062.819072,"end_time":1681935063.6663818,"aws":{"function_arn":"arn:aws:lambda:us-east-1:263792328682:function:todo-list-app-dev-sendNotification"}},{"id":"70c696ec3768b80a","name":"Invocation","start_time":1681935063.6685655,"end_time":1681935063.8816164,"aws":{"function_arn":"arn:aws:lambda:us-east-1:263792328682:function:todo-list-app-dev-sendNotification"},"subsegments":[{"id":"58293a6b4d3372bb","name":"SES","start_time":1681935063.676,"end_time":1681935063.865,"fault":true,"error":true,"http":{"response":{"status":400}},"aws":{"retries":0,"region":"us-east-1","operation":"SendEmail","request_id":"f55e224d-f809-42c1-aa2c-1a410abdf185"},"namespace":"aws","cause":{"working_directory":"/var/task","exceptions":[{"id":"e938fefc91105dd3","message":"Email address is not verified. The following identities failed the check in region US-EAST-1: karpuxa@gmail.com","type":"MessageRejected","remote":true,"stack":[{"path":"/var/task/node_modules/aws-xray-sdk-core/dist/lib/patchers/aws_p.js","line":64,"label":"features.constructor.captureAWSRequest [as customRequestHandler]"},{"path":"/var/task/node_modules/aws-sdk/lib/service.js","line":298,"label":"features.constructor.addAllRequestListeners"},{"path":"/var/task/node_modules/aws-sdk/lib/service.js","line":222,"label":"features.constructor.makeRequest"},{"path":"/var/task/node_modules/aws-sdk/lib/service.js","line":706,"label":"features.constructor.svc.<computed> [as sendEmail]"},{"path":"/var/task/src/handler.js","line":63,"label":"Runtime.module.exports.sendNotification [as handler]"},{"path":"/var/runtime/Runtime.js","line":74,"label":"Runtime.handleOnceNonStreaming"}]}]}}]}]},"Id":"5b9975645bcaddd2"}}],"origin":"AWS::Lambda","http":{"response":{"status":200}},"fullData":{"Document":{"id":"435f5ac626c10655","name":"todo-list-app-dev-sendNotification","start_time":1681935062.26,"trace_id":"1-64404ad4-0372b96637c899165e908034","end_time":1681935063.883,"parent_id":"261ebf4a7724eccf","http":{"response":{"status":200}},"aws":{"request_id":"103426eb-7689-467f-a30b-84f305422aab"},"origin":"AWS::Lambda","resource_arn":"arn:aws:lambda:us-east-1:263792328682:function:todo-list-app-dev-sendNotification"},"Id":"435f5ac626c10655"}},{"id":"33e2656b12736599","name":"DynamoDB","parent_id":"31064f9d6fa52bfd","time_taken":138.0000114440918,"children":[],"origin":"AWS::DynamoDB::Table","http":{"response":{"status":200}},"fullData":{"Document":{"id":"33e2656b12736599","name":"DynamoDB","start_time":1681935061.973,"trace_id":"1-64404ad4-0372b96637c899165e908034","end_time":1681935062.111,"parent_id":"31064f9d6fa52bfd","inferred":true,"http":{"response":{"status":200}},"aws":{"retries":0,"region":"us-east-1","operation":"PutItem","request_id":"FLBDI2VSLF1PDJ6OSSIV8PURH7VV4KQNSO5AEMVJF66Q9ASUAAJG","table_name":"todo-list-tasks","resource_names":["todo-list-tasks"]},"origin":"AWS::DynamoDB::Table"},"Id":"33e2656b12736599"}}],"origin":"AWS::Lambda::Function","fullData":{"Document":{"id":"31cd7b89660873fd","name":"todo-list-app-dev-postTask","start_time":1681935061.969155,"trace_id":"1-64404ad4-0372b96637c899165e908034","end_time":1681935063.8896463,"parent_id":"27f8a658e75effa8","aws":{"account_id":"263792328682","function_arn":"arn:aws:lambda:us-east-1:263792328682:function:todo-list-app-dev-postTask","resource_names":["todo-list-app-dev-postTask"]},"origin":"AWS::Lambda::Function","subsegments":[{"id":"c8894d95314d853e","name":"Initialization","start_time":1681935061.1361778,"end_time":1681935061.966683,"aws":{"function_arn":"arn:aws:lambda:us-east-1:263792328682:function:todo-list-app-dev-postTask"}},{"id":"fc719b862864178e","name":"Overhead","start_time":1681935063.889133,"end_time":1681935063.8895288,"aws":{"function_arn":"arn:aws:lambda:us-east-1:263792328682:function:todo-list-app-dev-postTask"}},{"id":"a73ac0d19515499c","name":"Invocation","start_time":1681935061.9694362,"end_time":1681935063.8890877,"aws":{"function_arn":"arn:aws:lambda:us-east-1:263792328682:function:todo-list-app-dev-postTask"},"subsegments":[{"id":"261ebf4a7724eccf","name":"Lambda","start_time":1681935062.151,"end_time":1681935063.887,"http":{"response":{"status":200}},"aws":{"retries":0,"status_code":200,"function_name":"todo-list-app-dev-sendNotification","region":"us-east-1","operation":"Invoke","request_id":"103426eb-7689-467f-a30b-84f305422aab","resource_names":["todo-list-app-dev-sendNotification"]},"namespace":"aws"},{"id":"31064f9d6fa52bfd","name":"DynamoDB","start_time":1681935061.973,"end_time":1681935062.111,"http":{"response":{"status":200}},"aws":{"retries":0,"region":"us-east-1","operation":"PutItem","request_id":"FLBDI2VSLF1PDJ6OSSIV8PURH7VV4KQNSO5AEMVJF66Q9ASUAAJG","table_name":"todo-list-tasks","resource_names":["todo-list-tasks"]},"namespace":"aws"}]}]},"Id":"31cd7b89660873fd"}}],"origin":"AWS::Lambda","http":{"response":{"status":200}},"fullData":{"Document":{"id":"27f8a658e75effa8","name":"todo-list-app-dev-postTask","start_time":1681935060.635,"trace_id":"1-64404ad4-0372b96637c899165e908034","end_time":1681935063.889,"parent_id":"44c5823f71d5e7d5","http":{"response":{"status":200}},"aws":{"request_id":"33ad85c7-d0c6-4902-90b1-effbf9d9e03a"},"origin":"AWS::Lambda","resource_arn":"arn:aws:lambda:us-east-1:263792328682:function:todo-list-app-dev-postTask"},"Id":"27f8a658e75effa8"}}],"origin":"AWS::ApiGateway::Stage","http":{"request":{"url":"https://cm8rpw34l8.execute-api.us-east-1.amazonaws.com/dev/add-task","method":"POST","user_agent":"PostmanRuntime/7.31.3","client_ip":"172.56.161.54","x_forwarded_for":true},"response":{"status":201,"content_length":0}},"fullData":{"Document":{"id":"1f0bec4b7fb90cc2","name":"dev-todo-list-app/dev","start_time":1681935060.601,"trace_id":"1-64404ad4-0372b96637c899165e908034","end_time":1681935063.891,"http":{"request":{"url":"https://cm8rpw34l8.execute-api.us-east-1.amazonaws.com/dev/add-task","method":"POST","user_agent":"PostmanRuntime/7.31.3","client_ip":"172.56.161.54","x_forwarded_for":true},"response":{"status":201,"content_length":0}},"aws":{"api_gateway":{"account_id":"263792328682","rest_api_id":"cm8rpw34l8","stage":"dev","request_id":"f61033f0-1537-4a20-afb6-18f63762ff15"}},"annotations":{"aws:api_id":"cm8rpw34l8","aws:api_stage":"dev"},"metadata":{"default":{"extended_request_id":"DpChRHuDoAMF-Ug=","request_id":"f61033f0-1537-4a20-afb6-18f63762ff15"}},"origin":"AWS::ApiGateway::Stage","resource_arn":"arn:aws:apigateway:us-east-1::/restapis/cm8rpw34l8/stages/dev","subsegments":[{"id":"44c5823f71d5e7d5","name":"Lambda","start_time":1681935060.603,"end_time":1681935063.891,"http":{"request":{"url":"https://lambda.us-east-1.amazonaws.com/2015-03-31/functions/arn:aws:lambda:us-east-1:263792328682:function:todo-list-app-dev-postTask/invocations","method":"POST"},"response":{"status":201,"content_length":2}},"aws":{"function_name":"todo-list-app-dev-postTask","region":"us-east-1","operation":"Invoke","resource_names":["todo-list-app-dev-postTask"]},"namespace":"aws"}]},"Id":"1f0bec4b7fb90cc2"},"cold_start":true,"logs":[{"eventId":"37508405257445482843336398496716858515752166827427692547","ingestionTime":1681935064164,"logStreamName":"2023/04/19/[$LATEST]3adf2feaed664eccac9b695a47de0c9d","message":"START RequestId: 33ad85c7-d0c6-4902-90b1-effbf9d9e03a Version: $LATEST\n","timestamp":1681935061969},{"eventId":"37508405257490084333733459742999929952297463550439653380","ingestionTime":1681935064164,"logStreamName":"2023/04/19/[$LATEST]3adf2feaed664eccac9b695a47de0c9d","message":"2023-04-19T20:11:01.971Z\t33ad85c7-d0c6-4902-90b1-effbf9d9e03a\tINFO\tpost task controller\n","timestamp":1681935061971},{"eventId":"37508405261481917724270441285334823523101520260010147845","ingestionTime":1681935064164,"logStreamName":"2023/04/19/[$LATEST]3adf2feaed664eccac9b695a47de0c9d","message":"2023-04-19T20:11:02.150Z\t33ad85c7-d0c6-4902-90b1-effbf9d9e03a\tINFO\tpost task controller\n","timestamp":1681935062150},{"eventId":"37508405300262913624515194928465437599237020918910091270","ingestionTime":1681935064164,"logStreamName":"2023/04/19/[$LATEST]3adf2feaed664eccac9b695a47de0c9d","message":"END RequestId: 33ad85c7-d0c6-4902-90b1-effbf9d9e03a\n","timestamp":1681935063889},{"eventId":"37508405300262913624515194928465437599237020918910091271","ingestionTime":1681935064164,"logStreamName":"2023/04/19/[$LATEST]3adf2feaed664eccac9b695a47de0c9d","message":"REPORT RequestId: 33ad85c7-d0c6-4902-90b1-effbf9d9e03a\tDuration: 1920.62 ms\tBilled Duration: 1921 ms\tMemory Size: 1024 MB\tMax Memory Used: 102 MB\tInit Duration: 831.24 ms\t\nXRAY TraceId: 1-64404ad4-0372b96637c899165e908034\tSegmentId: 31cd7b89660873fd\tSampled: true\t\n","timestamp":1681935063889}]},{"id":"6ff95cfd74bc7d47","name":"dev-todo-list-app/dev","time_taken":1625,"subsegments":[{"id":"02e2b5d67a625fcd","name":"Lambda","start_time":1681935063.046,"end_time":1681935064.669,"http":{"request":{"url":"https://lambda.us-east-1.amazonaws.com/2015-03-31/functions/arn:aws:lambda:us-east-1:263792328682:function:todo-list-app-dev-getTasks/invocations","method":"GET"},"response":{"status":200,"content_length":3552}},"aws":{"function_name":"todo-list-app-dev-getTasks","region":"us-east-1","operation":"Invoke","resource_names":["todo-list-app-dev-getTasks"]},"namespace":"aws"}],"children":[{"id":"4d363a828629f23a","name":"todo-list-app-dev-getTasks","parent_id":"02e2b5d67a625fcd","time_taken":1605.9999465942383,"children":[{"id":"7873cd980a4bc265","name":"todo-list-app-dev-getTasks","parent_id":"4d363a828629f23a","time_taken":154.61111068725586,"subsegments":[{"id":"1fac1d7b64215f1f","name":"Invocation","start_time":1681935064.5145133,"end_time":1681935064.6668608,"aws":{"function_arn":"arn:aws:lambda:us-east-1:263792328682:function:todo-list-app-dev-getTasks"},"subsegments":[{"id":"f20145ce349d0c58","name":"DynamoDB","start_time":1681935064.534,"end_time":1681935064.661,"http":{"response":{"status":200}},"aws":{"retries":0,"scanned_count":53,"count":53,"region":"us-east-1","operation":"Scan","request_id":"L8RHB48ME253MVVS8A7DGDI9MJVV4KQNSO5AEMVJF66Q9ASUAAJG","table_name":"todo-list-tasks","resource_names":["todo-list-tasks"]},"namespace":"aws"}]},{"id":"61c76d46ab264e74","name":"Initialization","start_time":1681935063.7610717,"end_time":1681935064.5116537,"aws":{"function_arn":"arn:aws:lambda:us-east-1:263792328682:function:todo-list-app-dev-getTasks"}},{"id":"640240ba8f50951b","name":"Overhead","start_time":1681935064.6668901,"end_time":1681935064.6678033,"aws":{"function_arn":"arn:aws:lambda:us-east-1:263792328682:function:todo-list-app-dev-getTasks"}}],"children":[{"id":"21cfc53c060ebdae","name":"DynamoDB","parent_id":"f20145ce349d0c58","time_taken":127.00009346008301,"children":[],"origin":"AWS::DynamoDB::Table","http":{"response":{"status":200}},"fullData":{"Document":{"id":"21cfc53c060ebdae","name":"DynamoDB","start_time":1681935064.534,"trace_id":"1-64404ad7-7d1028ba3d311c2045beab1e","end_time":1681935064.661,"parent_id":"f20145ce349d0c58","inferred":true,"http":{"response":{"status":200}},"aws":{"retries":0,"scanned_count":53,"count":53,"region":"us-east-1","operation":"Scan","request_id":"L8RHB48ME253MVVS8A7DGDI9MJVV4KQNSO5AEMVJF66Q9ASUAAJG","table_name":"todo-list-tasks","resource_names":["todo-list-tasks"]},"origin":"AWS::DynamoDB::Table"},"Id":"21cfc53c060ebdae"}}],"origin":"AWS::Lambda::Function","fullData":{"Document":{"id":"7873cd980a4bc265","name":"todo-list-app-dev-getTasks","start_time":1681935064.5134594,"trace_id":"1-64404ad7-7d1028ba3d311c2045beab1e","end_time":1681935064.6680706,"parent_id":"4d363a828629f23a","aws":{"account_id":"263792328682","function_arn":"arn:aws:lambda:us-east-1:263792328682:function:todo-list-app-dev-getTasks","resource_names":["todo-list-app-dev-getTasks"]},"origin":"AWS::Lambda::Function","subsegments":[{"id":"1fac1d7b64215f1f","name":"Invocation","start_time":1681935064.5145133,"end_time":1681935064.6668608,"aws":{"function_arn":"arn:aws:lambda:us-east-1:263792328682:function:todo-list-app-dev-getTasks"},"subsegments":[{"id":"f20145ce349d0c58","name":"DynamoDB","start_time":1681935064.534,"end_time":1681935064.661,"http":{"response":{"status":200}},"aws":{"retries":0,"scanned_count":53,"count":53,"region":"us-east-1","operation":"Scan","request_id":"L8RHB48ME253MVVS8A7DGDI9MJVV4KQNSO5AEMVJF66Q9ASUAAJG","table_name":"todo-list-tasks","resource_names":["todo-list-tasks"]},"namespace":"aws"}]},{"id":"61c76d46ab264e74","name":"Initialization","start_time":1681935063.7610717,"end_time":1681935064.5116537,"aws":{"function_arn":"arn:aws:lambda:us-east-1:263792328682:function:todo-list-app-dev-getTasks"}},{"id":"640240ba8f50951b","name":"Overhead","start_time":1681935064.6668901,"end_time":1681935064.6678033,"aws":{"function_arn":"arn:aws:lambda:us-east-1:263792328682:function:todo-list-app-dev-getTasks"}}]},"Id":"7873cd980a4bc265"}}],"origin":"AWS::Lambda","http":{"response":{"status":200}},"fullData":{"Document":{"id":"4d363a828629f23a","name":"todo-list-app-dev-getTasks","start_time":1681935063.061,"trace_id":"1-64404ad7-7d1028ba3d311c2045beab1e","end_time":1681935064.667,"parent_id":"02e2b5d67a625fcd","http":{"response":{"status":200}},"aws":{"request_id":"953fe93a-e2ad-4fb7-aeda-50f464d1e132"},"origin":"AWS::Lambda","resource_arn":"arn:aws:lambda:us-east-1:263792328682:function:todo-list-app-dev-getTasks"},"Id":"4d363a828629f23a"}}],"origin":"AWS::ApiGateway::Stage","http":{"request":{"url":"https://cm8rpw34l8.execute-api.us-east-1.amazonaws.com/dev/get-tasks","method":"GET","user_agent":"PostmanRuntime/7.31.3","client_ip":"172.56.161.54","x_forwarded_for":true},"response":{"status":200,"content_length":0}},"fullData":{"Document":{"id":"6ff95cfd74bc7d47","name":"dev-todo-list-app/dev","start_time":1681935063.044,"trace_id":"1-64404ad7-7d1028ba3d311c2045beab1e","end_time":1681935064.669,"http":{"request":{"url":"https://cm8rpw34l8.execute-api.us-east-1.amazonaws.com/dev/get-tasks","method":"GET","user_agent":"PostmanRuntime/7.31.3","client_ip":"172.56.161.54","x_forwarded_for":true},"response":{"status":200,"content_length":0}},"aws":{"api_gateway":{"account_id":"263792328682","rest_api_id":"cm8rpw34l8","stage":"dev","request_id":"d44ee5f4-06af-4890-942d-ea971466f73f"}},"annotations":{"aws:api_id":"cm8rpw34l8","aws:api_stage":"dev"},"metadata":{"default":{"extended_request_id":"DpChpFSfoAMFf4A=","request_id":"d44ee5f4-06af-4890-942d-ea971466f73f"}},"origin":"AWS::ApiGateway::Stage","resource_arn":"arn:aws:apigateway:us-east-1::/restapis/cm8rpw34l8/stages/dev","subsegments":[{"id":"02e2b5d67a625fcd","name":"Lambda","start_time":1681935063.046,"end_time":1681935064.669,"http":{"request":{"url":"https://lambda.us-east-1.amazonaws.com/2015-03-31/functions/arn:aws:lambda:us-east-1:263792328682:function:todo-list-app-dev-getTasks/invocations","method":"GET"},"response":{"status":200,"content_length":3552}},"aws":{"function_name":"todo-list-app-dev-getTasks","region":"us-east-1","operation":"Invoke","resource_names":["todo-list-app-dev-getTasks"]},"namespace":"aws"}]},"Id":"6ff95cfd74bc7d47"},"cold_start":true,"logs":[{"eventId":"37508405314200879373596834396762522068225136883996819459","ingestionTime":1681935068165,"logStreamName":"2023/04/19/[$LATEST]061b25a4906c4b998f153fcb6a4d8de8","message":"START RequestId: 953fe93a-e2ad-4fb7-aeda-50f464d1e132 Version: $LATEST\n","timestamp":1681935064514},{"eventId":"37508405317635194134170550360559022682212984555917803524","ingestionTime":1681935068165,"logStreamName":"2023/04/19/[$LATEST]061b25a4906c4b998f153fcb6a4d8de8","message":"END RequestId: 953fe93a-e2ad-4fb7-aeda-50f464d1e132\n","timestamp":1681935064668},{"eventId":"37508405317635194134170550360559022682212984555917803525","ingestionTime":1681935068165,"logStreamName":"2023/04/19/[$LATEST]061b25a4906c4b998f153fcb6a4d8de8","message":"REPORT RequestId: 953fe93a-e2ad-4fb7-aeda-50f464d1e132\tDuration: 155.22 ms\tBilled Duration: 156 ms\tMemory Size: 1024 MB\tMax Memory Used: 102 MB\tInit Duration: 750.97 ms\t\nXRAY TraceId: 1-64404ad7-7d1028ba3d311c2045beab1e\tSegmentId: 7873cd980a4bc265\tSampled: true\t\n","timestamp":1681935064668}]},{"id":"5f1c861d6f80b651","name":"dev-todo-list-app/dev","time_taken":1172.0001697540283,"subsegments":[{"id":"42979cb403e5bc2b","name":"Lambda","start_time":1681935068.954,"end_time":1681935070.123,"http":{"request":{"url":"https://lambda.us-east-1.amazonaws.com/2015-03-31/functions/arn:aws:lambda:us-east-1:263792328682:function:todo-list-app-dev-postTask/invocations","method":"POST"},"response":{"status":201,"content_length":2}},"aws":{"function_name":"todo-list-app-dev-postTask","region":"us-east-1","operation":"Invoke","resource_names":["todo-list-app-dev-postTask"]},"namespace":"aws"}],"children":[{"id":"33e141e0065cb41b","name":"todo-list-app-dev-postTask","parent_id":"42979cb403e5bc2b","time_taken":1157.9999923706055,"children":[{"id":"7dae52540909690d","name":"todo-list-app-dev-postTask","parent_id":"33e141e0065cb41b","time_taken":1151.1225700378418,"subsegments":[{"id":"c43d5f8cd2ad1351","name":"Overhead","start_time":1681935070.1212032,"end_time":1681935070.121594,"aws":{"function_arn":"arn:aws:lambda:us-east-1:263792328682:function:todo-list-app-dev-postTask"}},{"id":"3d95ce606b1fe75b","name":"Invocation","start_time":1681935068.970756,"end_time":1681935070.1211765,"aws":{"function_arn":"arn:aws:lambda:us-east-1:263792328682:function:todo-list-app-dev-postTask"},"subsegments":[{"id":"6087903191f4a08e","name":"Lambda","start_time":1681935069.005,"end_time":1681935070.12,"http":{"response":{"status":200}},"aws":{"retries":0,"status_code":200,"function_name":"todo-list-app-dev-sendNotification","region":"us-east-1","operation":"Invoke","request_id":"f3f453ae-9e9d-4f26-afe3-e66050dbebd9","resource_names":["todo-list-app-dev-sendNotification"]},"namespace":"aws"},{"id":"5031472a748a4a21","name":"DynamoDB","start_time":1681935068.974,"end_time":1681935069.003,"http":{"response":{"status":200}},"aws":{"retries":0,"region":"us-east-1","operation":"PutItem","request_id":"FIMJQ5R22UTD215OR2HTMHOROVVV4KQNSO5AEMVJF66Q9ASUAAJG","table_name":"todo-list-tasks","resource_names":["todo-list-tasks"]},"namespace":"aws"}]}],"children":[{"id":"3825ef9b9ee73c89","name":"todo-list-app-dev-sendNotification","parent_id":"6087903191f4a08e","time_taken":1094.0001010894775,"children":[{"id":"6d63ead43f720bac","name":"todo-list-app-dev-sendNotification","parent_id":"3825ef9b9ee73c89","time_taken":1087.0997905731201,"subsegments":[{"id":"952475b5a194d185","name":"Overhead","start_time":1681935070.1161554,"end_time":1681935070.116562,"aws":{"function_arn":"arn:aws:lambda:us-east-1:263792328682:function:todo-list-app-dev-sendNotification"}},{"id":"baf6469afb99b436","name":"Invocation","start_time":1681935069.0296588,"end_time":1681935070.1161044,"aws":{"function_arn":"arn:aws:lambda:us-east-1:263792328682:function:todo-list-app-dev-sendNotification"},"subsegments":[{"id":"7e9616b9c99800b2","name":"SES","start_time":1681935069.03,"end_time":1681935070.114,"fault":true,"error":true,"http":{"response":{"status":400}},"aws":{"retries":0,"region":"us-east-1","operation":"SendEmail","request_id":"2549fc89-2e2a-4b49-a67b-b17cc5065794"},"namespace":"aws","cause":{"working_directory":"/var/task","exceptions":[{"id":"4c910e93c3bbce9f","message":"Email address is not verified. The following identities failed the check in region US-EAST-1: karpuxa@gmail.com","type":"MessageRejected","remote":true,"stack":[{"path":"/var/task/node_modules/aws-xray-sdk-core/dist/lib/patchers/aws_p.js","line":64,"label":"features.constructor.captureAWSRequest [as customRequestHandler]"},{"path":"/var/task/node_modules/aws-sdk/lib/service.js","line":298,"label":"features.constructor.addAllRequestListeners"},{"path":"/var/task/node_modules/aws-sdk/lib/service.js","line":222,"label":"features.constructor.makeRequest"},{"path":"/var/task/node_modules/aws-sdk/lib/service.js","line":706,"label":"features.constructor.svc.<computed> [as sendEmail]"},{"path":"/var/task/src/handler.js","line":63,"label":"Runtime.module.exports.sendNotification [as handler]"},{"path":"/var/runtime/Runtime.js","line":74,"label":"Runtime.handleOnceNonStreaming"}]}]}}]}],"children":[{"id":"17e149dc38b10d14","name":"SES","parent_id":"7e9616b9c99800b2","time_taken":1084.0001106262207,"children":[],"origin":"AWS::SES","http":{"response":{"status":400}},"fullData":{"Document":{"id":"17e149dc38b10d14","name":"SES","start_time":1681935069.03,"trace_id":"1-64404adc-70a67b4f04679f1750f09a91","end_time":1681935070.114,"parent_id":"7e9616b9c99800b2","inferred":true,"error":true,"http":{"response":{"status":400}},"aws":{"retries":0,"region":"us-east-1","operation":"SendEmail","request_id":"2549fc89-2e2a-4b49-a67b-b17cc5065794"},"origin":"AWS::SES","cause":{"message":"Email address is not verified. The following identities failed the check in region US-EAST-1: karpuxa@gmail.com"}},"Id":"17e149dc38b10d14"}}],"origin":"AWS::Lambda::Function","fullData":{"Document":{"id":"6d63ead43f720bac","name":"todo-list-app-dev-sendNotification","start_time":1681935069.0295627,"trace_id":"1-64404adc-70a67b4f04679f1750f09a91","end_time":1681935070.1166625,"parent_id":"3825ef9b9ee73c89","aws":{"account_id":"263792328682","function_arn":"arn:aws:lambda:us-east-1:263792328682:function:todo-list-app-dev-sendNotification","resource_names":["todo-list-app-dev-sendNotification"]},"origin":"AWS::Lambda::Function","subsegments":[{"id":"952475b5a194d185","name":"Overhead","start_time":1681935070.1161554,"end_time":1681935070.116562,"aws":{"function_arn":"arn:aws:lambda:us-east-1:263792328682:function:todo-list-app-dev-sendNotification"}},{"id":"baf6469afb99b436","name":"Invocation","start_time":1681935069.0296588,"end_time":1681935070.1161044,"aws":{"function_arn":"arn:aws:lambda:us-east-1:263792328682:function:todo-list-app-dev-sendNotification"},"subsegments":[{"id":"7e9616b9c99800b2","name":"SES","start_time":1681935069.03,"end_time":1681935070.114,"fault":true,"error":true,"http":{"response":{"status":400}},"aws":{"retries":0,"region":"us-east-1","operation":"SendEmail","request_id":"2549fc89-2e2a-4b49-a67b-b17cc5065794"},"namespace":"aws","cause":{"working_directory":"/var/task","exceptions":[{"id":"4c910e93c3bbce9f","message":"Email address is not verified. The following identities failed the check in region US-EAST-1: karpuxa@gmail.com","type":"MessageRejected","remote":true,"stack":[{"path":"/var/task/node_modules/aws-xray-sdk-core/dist/lib/patchers/aws_p.js","line":64,"label":"features.constructor.captureAWSRequest [as customRequestHandler]"},{"path":"/var/task/node_modules/aws-sdk/lib/service.js","line":298,"label":"features.constructor.addAllRequestListeners"},{"path":"/var/task/node_modules/aws-sdk/lib/service.js","line":222,"label":"features.constructor.makeRequest"},{"path":"/var/task/node_modules/aws-sdk/lib/service.js","line":706,"label":"features.constructor.svc.<computed> [as sendEmail]"},{"path":"/var/task/src/handler.js","line":63,"label":"Runtime.module.exports.sendNotification [as handler]"},{"path":"/var/runtime/Runtime.js","line":74,"label":"Runtime.handleOnceNonStreaming"}]}]}}]}]},"Id":"6d63ead43f720bac"}}],"origin":"AWS::Lambda","http":{"response":{"status":200}},"fullData":{"Document":{"id":"3825ef9b9ee73c89","name":"todo-list-app-dev-sendNotification","start_time":1681935069.023,"trace_id":"1-64404adc-70a67b4f04679f1750f09a91","end_time":1681935070.117,"parent_id":"6087903191f4a08e","http":{"response":{"status":200}},"aws":{"request_id":"f3f453ae-9e9d-4f26-afe3-e66050dbebd9"},"origin":"AWS::Lambda","resource_arn":"arn:aws:lambda:us-east-1:263792328682:function:todo-list-app-dev-sendNotification"},"Id":"3825ef9b9ee73c89"}},{"id":"053972ae25848977","name":"DynamoDB","parent_id":"5031472a748a4a21","time_taken":29.000043869018555,"children":[],"origin":"AWS::DynamoDB::Table","http":{"response":{"status":200}},"fullData":{"Document":{"id":"053972ae25848977","name":"DynamoDB","start_time":1681935068.974,"trace_id":"1-64404adc-70a67b4f04679f1750f09a91","end_time":1681935069.003,"parent_id":"5031472a748a4a21","inferred":true,"http":{"response":{"status":200}},"aws":{"retries":0,"region":"us-east-1","operation":"PutItem","request_id":"FIMJQ5R22UTD215OR2HTMHOROVVV4KQNSO5AEMVJF66Q9ASUAAJG","table_name":"todo-list-tasks","resource_names":["todo-list-tasks"]},"origin":"AWS::DynamoDB::Table"},"Id":"053972ae25848977"}}],"origin":"AWS::Lambda::Function","fullData":{"Document":{"id":"7dae52540909690d","name":"todo-list-app-dev-postTask","start_time":1681935068.9706764,"trace_id":"1-64404adc-70a67b4f04679f1750f09a91","end_time":1681935070.121799,"parent_id":"33e141e0065cb41b","aws":{"account_id":"263792328682","function_arn":"arn:aws:lambda:us-east-1:263792328682:function:todo-list-app-dev-postTask","resource_names":["todo-list-app-dev-postTask"]},"origin":"AWS::Lambda::Function","subsegments":[{"id":"c43d5f8cd2ad1351","name":"Overhead","start_time":1681935070.1212032,"end_time":1681935070.121594,"aws":{"function_arn":"arn:aws:lambda:us-east-1:263792328682:function:todo-list-app-dev-postTask"}},{"id":"3d95ce606b1fe75b","name":"Invocation","start_time":1681935068.970756,"end_time":1681935070.1211765,"aws":{"function_arn":"arn:aws:lambda:us-east-1:263792328682:function:todo-list-app-dev-postTask"},"subsegments":[{"id":"6087903191f4a08e","name":"Lambda","start_time":1681935069.005,"end_time":1681935070.12,"http":{"response":{"status":200}},"aws":{"retries":0,"status_code":200,"function_name":"todo-list-app-dev-sendNotification","region":"us-east-1","operation":"Invoke","request_id":"f3f453ae-9e9d-4f26-afe3-e66050dbebd9","resource_names":["todo-list-app-dev-sendNotification"]},"namespace":"aws"},{"id":"5031472a748a4a21","name":"DynamoDB","start_time":1681935068.974,"end_time":1681935069.003,"http":{"response":{"status":200}},"aws":{"retries":0,"region":"us-east-1","operation":"PutItem","request_id":"FIMJQ5R22UTD215OR2HTMHOROVVV4KQNSO5AEMVJF66Q9ASUAAJG","table_name":"todo-list-tasks","resource_names":["todo-list-tasks"]},"namespace":"aws"}]}]},"Id":"7dae52540909690d"}}],"origin":"AWS::Lambda","http":{"response":{"status":200}},"fullData":{"Document":{"id":"33e141e0065cb41b","name":"todo-list-app-dev-postTask","start_time":1681935068.964,"trace_id":"1-64404adc-70a67b4f04679f1750f09a91","end_time":1681935070.122,"parent_id":"42979cb403e5bc2b","http":{"response":{"status":200}},"aws":{"request_id":"b3b0d9e3-8c4c-436a-aaaa-1a45823094eb"},"origin":"AWS::Lambda","resource_arn":"arn:aws:lambda:us-east-1:263792328682:function:todo-list-app-dev-postTask"},"Id":"33e141e0065cb41b"}}],"origin":"AWS::ApiGateway::Stage","http":{"request":{"url":"https://cm8rpw34l8.execute-api.us-east-1.amazonaws.com/dev/add-task","method":"POST","user_agent":"PostmanRuntime/7.31.3","client_ip":"172.56.161.54","x_forwarded_for":true},"response":{"status":201,"content_length":0}},"fullData":{"Document":{"id":"5f1c861d6f80b651","name":"dev-todo-list-app/dev","start_time":1681935068.952,"trace_id":"1-64404adc-70a67b4f04679f1750f09a91","end_time":1681935070.124,"http":{"request":{"url":"https://cm8rpw34l8.execute-api.us-east-1.amazonaws.com/dev/add-task","method":"POST","user_agent":"PostmanRuntime/7.31.3","client_ip":"172.56.161.54","x_forwarded_for":true},"response":{"status":201,"content_length":0}},"aws":{"api_gateway":{"account_id":"263792328682","rest_api_id":"cm8rpw34l8","stage":"dev","request_id":"beb4cd2d-9a3a-41f7-b70c-a230e95e7bf3"}},"annotations":{"aws:api_id":"cm8rpw34l8","aws:api_stage":"dev"},"metadata":{"default":{"extended_request_id":"DpCikGdJIAMF9SQ=","request_id":"beb4cd2d-9a3a-41f7-b70c-a230e95e7bf3"}},"origin":"AWS::ApiGateway::Stage","resource_arn":"arn:aws:apigateway:us-east-1::/restapis/cm8rpw34l8/stages/dev","subsegments":[{"id":"42979cb403e5bc2b","name":"Lambda","start_time":1681935068.954,"end_time":1681935070.123,"http":{"request":{"url":"https://lambda.us-east-1.amazonaws.com/2015-03-31/functions/arn:aws:lambda:us-east-1:263792328682:function:todo-list-app-dev-postTask/invocations","method":"POST"},"response":{"status":201,"content_length":2}},"aws":{"function_name":"todo-list-app-dev-postTask","region":"us-east-1","operation":"Invoke","resource_names":["todo-list-app-dev-postTask"]},"namespace":"aws"}]},"Id":"5f1c861d6f80b651"},"cold_start":true,"logs":[{"eventId":"37508405413572999978249291127328083047567788380815228928","ingestionTime":1681935077994,"logStreamName":"2023/04/19/[$LATEST]3adf2feaed664eccac9b695a47de0c9d","message":"START RequestId: b3b0d9e3-8c4c-436a-aaaa-1a45823094eb Version: $LATEST\n","timestamp":1681935068970},{"eventId":"37508405413595300723447821750469618765840436742321209345","ingestionTime":1681935077994,"logStreamName":"2023/04/19/[$LATEST]3adf2feaed664eccac9b695a47de0c9d","message":"2023-04-19T20:11:08.971Z\tb3b0d9e3-8c4c-436a-aaaa-1a45823094eb\tINFO\tpost task controller\n","timestamp":1681935068971},{"eventId":"37508405414331225314999332314140297468837832672018563074","ingestionTime":1681935077994,"logStreamName":"2023/04/19/[$LATEST]3adf2feaed664eccac9b695a47de0c9d","message":"2023-04-19T20:11:09.004Z\tb3b0d9e3-8c4c-436a-aaaa-1a45823094eb\tINFO\tpost task controller\n","timestamp":1681935069004},{"eventId":"37508405439241157701758038363235694779386052474198687747","ingestionTime":1681935077994,"logStreamName":"2023/04/19/[$LATEST]3adf2feaed664eccac9b695a47de0c9d","message":"END RequestId: b3b0d9e3-8c4c-436a-aaaa-1a45823094eb\n","timestamp":1681935070121},{"eventId":"37508405439241157701758038363235694779386052474198687748","ingestionTime":1681935077994,"logStreamName":"2023/04/19/[$LATEST]3adf2feaed664eccac9b695a47de0c9d","message":"REPORT RequestId: b3b0d9e3-8c4c-436a-aaaa-1a45823094eb\tDuration: 1151.25 ms\tBilled Duration: 1152 ms\tMemory Size: 1024 MB\tMax Memory Used: 102 MB\t\nXRAY TraceId: 1-64404adc-70a67b4f04679f1750f09a91\tSegmentId: 7dae52540909690d\tSampled: true\t\n","timestamp":1681935070121}]}]